Country Name,Country Code,Series Name,Series Code,2008 [YR2008],2009 [YR2009],2010 [YR2010],2011 [YR2011],2012 [YR2012],2013 [YR2013],2014 [YR2014],2015 [YR2015],2016 [YR2016],2017 [YR2017],2018 [YR2018],2019 [YR2019],2020 [YR2020],2021 [YR2021],2022 [YR2022]
Brunei Darussalam,BRN,"Government expenditure on education, total (% of GDP)",SE.XPD.TOTL.GD.ZS,..,..,1.84384000301361,3.32213997840881,2.88964009284973,..,3.35321998596191,..,4.42539978027344,..,..,..,..,..,..
Brunei Darussalam,BRN,"School enrollment, tertiary (% gross)",SE.TER.ENRR,15.7385101318359,16.5658493041992,15.3331563578444,17.4270912772504,22.0733483384086,23.4649239797279,30.0799102783203,28.6641292572021,28.6644096374512,31.2433910195239,27.9285989469629,27.7715019255456,29.1961193084717,27.4258937503291,31.1925368707703
Brunei Darussalam,BRN,"Unemployment, total (% of total labor force) (national estimate)",SL.UEM.TOTL.NE.ZS,..,..,..,..,..,..,6.862,..,..,9.316,8.7,6.6,7.409,4.905,5.191
Brunei Darussalam,BRN,"Electricity production from oil, gas and coal sources (% of total)",EG.ELC.FOSL.ZS,100,100,100,99.9463087248322,99.9491094147583,99.9545661063153,99.9556147359077,99.9523809523809,99.9765807962529,99.951888381044,99.9534125320289,99.9594484995945,99.947689625109,99.9122653097035,99.875044626919
Brunei Darussalam,BRN,"Electricity production from renewable sources, excluding hydroelectric (% of total)",EG.ELC.RNWX.ZS,0,0,0.0213607594936709,0.043489932885906,0.0424936386768448,0.038391640163562,0.0359520639147803,0.0311904761904762,0.0255269320843091,0.0377676208804426,0.037037037037037,0.0218978102189781,0.0193548387096774,0.0196525706264257,..
Brunei Darussalam,BRN,"Inflation, consumer prices (annual %)",FP.CPI.TOTL.ZG,2.08498023715415,1.03571774271613,0.356869132017561,0.13791156316954,0.111766261400307,0.389205053123632,-0.207108731719822,-0.488347420743522,-0.278693265753083,-1.2605056462896,1.02505179290212,-0.390522069165529,1.94031996607184,1.73341388450593,3.68225030604216
Brunei Darussalam,BRN,"Access to electricity, rural (% of rural population)",EG.ELC.ACCS.RU.ZS,100,100,100,100,100,100,100,100,100,100,100,100,100,100,100
Brunei Darussalam,BRN,Carbon dioxide (CO2) emissions (total) excluding LULUCF (Mt CO2e),EN.GHG.CO2.MT.CE.AR5,8.9078,8.0209,7.3795,7.8612,7.6224,7.7892,8.1068,7.3653,7.8994,7.8716,8.0303,7.6035,10.1279,9.9862,9.5371
Brunei Darussalam,BRN,"Life expectancy at birth, total (years)",SP.DYN.LE00.IN,74.814,74.814,74.82,74.835,74.843,74.854,74.862,74.88,74.905,74.943,74.992,75.049,75.114,74.869,72.917
Brunei Darussalam,BRN,GDP growth (annual %),NY.GDP.MKTP.KD.ZG,-3.90071101715114,-1.90025367202547,2.74136439456163,3.74440625524871,0.913135189664487,-2.12478292664558,-2.50788727590711,-0.392383749502031,-2.47791771833224,1.32872661057823,0.0523710418528935,3.86884436177075,1.1335733495246,-1.59076260099606,-1.62833154515108
Brunei Darussalam,BRN,People using at least basic drinking water services (% of population),SH.H2O.BASW.ZS,99.7414765305361,99.7640332608049,99.7865899910736,99.8091467213424,99.8317034516111,99.8542601818798,99.8768169121486,99.8993736424173,99.9000219255643,99.9000444673207,99.9000669989146,99.9000895203528,100,100,100
Brunei Darussalam,BRN,Methane (CH4) emissions (total) excluding LULUCF (% change from 1990),EN.GHG.CH4.ZG.AR5,152.29461380089,86.5577472272033,60.2377631666334,74.736003187886,67.7757853490071,52.2879723716544,44.7964401939297,46.2509131965199,36.9329879790131,37.7764494919307,41.103805538952,38.7593810187953,34.5420734542073,27.77445706316,15.5343029820017
Brunei Darussalam,BRN,"Population, total",SP.POP.TOTL,377793,384952,392332,399389,405557,411202,416750,422212,427564,432772,437810,442680,447404,451721,455370
Cambodia,KHM,"Government expenditure on education, total (% of GDP)",SE.XPD.TOTL.GD.ZS,..,1.38576996326447,1.24872994422913,1.20887994766235,1.23062002658844,1.57648003101349,1.44690001010895,..,..,..,1.60336995124817,2.13345387893978,2.2476462495972,1.96232691812756,1.95793279576416
Cambodia,KHM,"School enrollment, tertiary (% gross)",SE.TER.ENRR,8.92994976043701,10.6747398376465,12.1998596191406,11.4902860215331,..,..,..,13.615484963166,..,12.5181529981862,13.2671737077763,12.9409846754696,13.8767573747135,13.5005634857238,14.6069513022825
Cambodia,KHM,"Unemployment, total (% of total labor force) (national estimate)",SL.UEM.TOTL.NE.ZS,0.825,0.579,0.771,0.577,1.279,0.438,0.692,0.393,0.716,0.141,..,0.499,0.172,0.396,..
Cambodia,KHM,"Electricity production from oil, gas and coal sources (% of total)",EG.ELC.FOSL.ZS,97.1902834008097,94.6287519747235,94.488188976378,92.8369462770971,62.3561272850372,42.1713038734315,39.211356466877,54.8617113223855,52.8045423262216,58.6541244573083,40.7316215265565,50.8316699933466,51.3694863051369,41.8438326638581,35.190753617741
Cambodia,KHM,"Electricity production from renewable sources, excluding hydroelectric (% of total)",EG.ELC.RNWX.ZS,0.510796221322537,0.815165876777251,0.790354330708661,1.54382657869934,0.326337169939066,-0.409710856519367,-0.0990536277602524,4.33470181503889,-0.410013764624914,0.700144717800289,-1.06753429475906,0.306387225548902,2.41777582224178,4.97638875281669,..
Cambodia,KHM,"Inflation, consumer prices (annual %)",FP.CPI.TOTL.ZG,24.096851930605,-1.24171754189637,3.99639528107218,5.4784474961745,2.93431609293951,2.94162509547349,3.85568861424207,1.22393195511119,3.01913975139128,2.91263557371478,2.45908515380146,1.94257500833107,2.9402951426397,2.92073477592949,5.34370264895437
Cambodia,KHM,"Access to electricity, rural (% of rural population)",EG.ELC.ACCS.RU.ZS,11.7,11.8,15.8,22.8,28.5,38.9,44.7,53.3,60.7,86.1,75,80,82.9,77.1,88
Cambodia,KHM,Carbon dioxide (CO2) emissions (total) excluding LULUCF (Mt CO2e),EN.GHG.CO2.MT.CE.AR5,4.0975,4.8779,5.1593,5.3651,5.6329,5.6951,7.0334,8.5196,10.5961,11.828,12.3125,15.7108,18.6332,18.4826,18.3849
Cambodia,KHM,"Life expectancy at birth, total (years)",SP.DYN.LE00.IN,66.147,66.747,67.311,67.869,68.371,68.755,69.117,69.398,69.635,69.842,69.993,70.127,70.059,69.301,70.528
Cambodia,KHM,GDP growth (annual %),NY.GDP.MKTP.KD.ZG,7.47636606631011,4.07477850599065,5.07691843229247,7.28665813879552,7.65025657870362,7.8574997554252,8.00032074618566,7.20703472529512,7.90550116130704,8.07503915535979,8.77622376224463,7.93695013588524,-3.55572193406549,3.08984284148661,5.12990110773977
Cambodia,KHM,People using at least basic drinking water services (% of population),SH.H2O.BASW.ZS,63.6884209485264,65.049262160306,66.3891055650022,67.7079968252659,69.0059822259685,70.2828703284751,71.539204338713,72.7747960661074,73.9897142664689,75.1838204777674,76.3583989017941,77.5132246974306,78.6484857238686,79.7640004029773,80.8599549237853
Cambodia,KHM,Methane (CH4) emissions (total) excluding LULUCF (% change from 1990),EN.GHG.CH4.ZG.AR5,78.8159491234676,83.9420944730346,88.382076063763,95.3784360487009,93.712396970838,93.3291494079746,94.8303418267018,94.3642525417346,99.3799422618301,104.385590561064,107.286724404837,106.685075938245,106.436550771934,118.29714237898,109.807957826032
Cambodia,KHM,"Population, total",SP.POP.TOTL,14053479,14276810,14500726,14722584,14945085,15170208,15396772,15623251,15852803,16073372,16274522,16481304,16725474,16974305,17201724
Indonesia,IDN,"Government expenditure on education, total (% of GDP)",SE.XPD.TOTL.GD.ZS,2.90190005302429,3.52513003349304,2.81227993965149,3.18944001197815,3.40748000144958,3.35904002189636,3.28800988197327,3.58360004425049,1.21023452496964,1.05324382490056,0.994436460846179,0.964399077622927,1.01593221347809,1.03221750658374,0.863943349575907
Indonesia,IDN,"School enrollment, tertiary (% gross)",SE.TER.ENRR,20.5209503173828,22.6933307647705,23.4159086398462,25.027444191823,29.0425391195214,29.894529174265,29.9904910473273,32.4590200433758,34.8307173410877,35.967012362631,36.1494878042588,37.3230862728703,38.1650601406923,40.6293239880732,42.3260385456152
Indonesia,IDN,"Unemployment, total (% of total labor force) (national estimate)",SL.UEM.TOTL.NE.ZS,7.208,6.106,5.614,5.153,4.468,4.336,4.049,4.514,4.301,3.783,4.387,3.59,4.255,3.827,3.462
Indonesia,IDN,"Electricity production from oil, gas and coal sources (% of total)",EG.ELC.FOSL.ZS,86.6841675260839,86.7669383953972,84.7970625617851,88.4564757954134,89.1500241196334,88.1430557355945,88.9995459743055,89.8887158523133,88.1172298070323,88.2520227509413,83.9937721728772,84.7842884739214,83.4035914628074,83.6556295079228,82.762621140552
Indonesia,IDN,"Electricity production from renewable sources, excluding hydroelectric (% of total)",EG.ELC.RNWX.ZS,9.94526740152418,9.86205620829985,9.73872051970061,9.49559225327369,8.87338639652677,8.34814520130343,8.13462282235824,8.08662643566284,8.02110060254748,8.98691311092176,8.5965183727374,8.09560604666851,8.4805233601994,8.65237684146036,..
Indonesia,IDN,"Inflation, consumer prices (annual %)",FP.CPI.TOTL.ZG,10.2266663272483,4.38641311792074,5.13420639015885,5.35604849112582,4.2795142691943,6.41249457900391,6.39492882396559,6.36312061196646,3.52580452815451,3.80879857691949,3.19834755924996,3.03058460941661,1.91983527270793,1.56007882983334,4.20946463714784
Indonesia,IDN,"Access to electricity, rural (% of rural population)",EG.ELC.ACCS.RU.ZS,88.2,88.4,89.4,90.2,92.6,93,94,94.9,95.1,96,96.8,97.5,93.5,98.2,98.2
Indonesia,IDN,Carbon dioxide (CO2) emissions (total) excluding LULUCF (Mt CO2e),EN.GHG.CO2.MT.CE.AR5,397.2554,411.3491,443.682,499.9362,504.2572,474.9651,505.0762,512.3973,507.0965,535.7474,596.4692,637.5692,596.2839,622.6868,722.6996
Indonesia,IDN,"Life expectancy at birth, total (years)",SP.DYN.LE00.IN,68.085,68.267,68.364,68.629,68.862,69.064,69.292,69.52,69.733,69.953,70.08,70.349,68.817,67.452,70.925
Indonesia,IDN,GDP growth (annual %),NY.GDP.MKTP.KD.ZG,6.01370360009123,4.62887118256153,6.22385418062366,6.16978420771008,6.03005065305615,5.5572636889101,5.006668425755,4.87632230022123,5.03306918280177,5.06978590134916,5.17429153955024,5.01928768046282,-2.06551182934165,3.70288562827751,5.30719722664799
Indonesia,IDN,People using at least basic drinking water services (% of population),SH.H2O.BASW.ZS,83.4896329573105,84.3913253324257,85.1661850718562,85.6378136701144,86.0745858271754,86.4972383225177,86.9065589204206,87.3023728948535,87.6849895715078,88.0541295680055,88.410420237217,88.7538936468124,89.0851606060889,89.4041137814594,89.7113532580834
Indonesia,IDN,Methane (CH4) emissions (total) excluding LULUCF (% change from 1990),EN.GHG.CH4.ZG.AR5,44.2163713101788,53.7582965605433,58.1180159274037,87.7509427141486,97.2251220600448,95.2689590685223,102.055504674966,95.5736021536366,99.4435157847245,113.79312307908,136.680351054723,148.448355489518,139.779370375826,140.995025088045,170.518078265022
Indonesia,IDN,"Population, total",SP.POP.TOTL,240157903,243220028,246305322,249470032,252698525,255852467,258877399,261799249,264627418,267346658,269951846,272489381,274814866,276758053,278830529
Lao PDR,LAO,"Government expenditure on education, total (% of GDP)",SE.XPD.TOTL.GD.ZS,2.27854990959167,1.65485000610352,1.70978999137878,1.70801997184753,1.82147002220154,3.23380994796753,2.93780994415283,2.73689787884215,2.77442976110388,2.49797261414021,2.33501229018316,2.12201393748998,1.91597273223857,1.85949176876536,1.46083440434069
Lao PDR,LAO,"School enrollment, tertiary (% gross)",SE.TER.ENRR,13.0783004760742,16.2123508453369,16.6638298034668,17.4954696423161,17.330766926856,18.9224448772621,18.4954952643985,18.1574846273063,17.0880719461771,15.4112577339384,14.4969749098337,13.7404020217342,12.561911777868,12.4396649191011,13.677811550152
Lao PDR,LAO,"Unemployment, total (% of total labor force) (national estimate)",SL.UEM.TOTL.NE.ZS,..,..,0.708,..,..,..,..,2.006,..,3.268,..,..,..,..,1.209
Lao PDR,LAO,"Electricity production from oil, gas and coal sources (% of total)",EG.ELC.FOSL.ZS,0,0,0,0,0,0,0,13.8571954361428,31.0155428304312,35.1825616588319,34.9298148740155,36.5202356557377,28.410228182546,26.4521874652121,23.8658854421822
Lao PDR,LAO,"Electricity production from renewable sources, excluding hydroelectric (% of total)",EG.ELC.RNWX.ZS,0.36319612590799,0.686571598336304,0.102023908154811,0.179813401187447,-2.20479436317684,0.116634429400387,3.19332242225859,12.0690712795976,-0.367067897627673,-1.84870242771589,-3.15844691795751,23.2482069672131,-5.24774819855885,-9.99621507291551,..
Lao PDR,LAO,"Inflation, consumer prices (annual %)",FP.CPI.TOTL.ZG,7.62880887577516,0.141187674980385,5.98254521550082,7.5689885610998,4.2551267783209,6.37142717782947,4.12924306873771,1.27735427102992,1.59691227583204,0.825478607568026,2.04039266890201,3.32255881256925,5.10407262959919,3.75562036658877,22.9562225132056
Lao PDR,LAO,"Access to electricity, rural (% of rural population)",EG.ELC.ACCS.RU.ZS,52.6,55,58.6,57.8,66.8,70.6,75,85.7,84.1,90.5,89.3,97.6,99,100,100
Lao PDR,LAO,Carbon dioxide (CO2) emissions (total) excluding LULUCF (Mt CO2e),EN.GHG.CO2.MT.CE.AR5,2.1095,2.6407,2.9614,3.1262,3.3357,3.9444,4.3873,8.9275,15.871,19.2442,19.8623,19.3701,19.4378,23.8166,24.0315
Lao PDR,LAO,"Life expectancy at birth, total (years)",SP.DYN.LE00.IN,62.248,63.023,63.69,64.505,65.126,65.723,66.35,66.688,67.014,67.345,67.594,67.911,68.339,67.807,68.715
Lao PDR,LAO,GDP growth (annual %),NY.GDP.MKTP.KD.ZG,7.82490276337012,7.50177491225853,8.52690551739717,8.03865268023725,8.02609843461283,8.02630022699017,7.61196343979319,7.27006584373785,7.02283625501138,6.8925308726989,6.24796000755872,5.4577350924848,0.503031829018681,2.52835100486102,2.70742652643155
Lao PDR,LAO,People using at least basic drinking water services (% of population),SH.H2O.BASW.ZS,64.6620895988517,66.4995750629687,68.3192708714706,70.1211055659738,71.9052632997901,73.6706450859176,75.4180039823174,77.1470405122433,78.8579483150043,80.5500537342279,82.2233994378671,83.8782119453961,85.8856322944911,87.5242448127318,89.1450177580789
Lao PDR,LAO,Methane (CH4) emissions (total) excluding LULUCF (% change from 1990),EN.GHG.CH4.ZG.AR5,51.4601991433498,57.7126328085888,62.5447330848677,63.152917616955,74.5452522667853,74.0075281378057,81.3520980512136,86.8313215034025,96.2044093378577,97.563553429382,98.1086944428993,102.299234206671,107.149876694295,109.189519942148,116.109473215776
Lao PDR,LAO,"Population, total",SP.POP.TOTL,6148969,6241642,6334194,6426590,6518978,6611385,6703172,6801645,6908802,7018147,7128045,7237636,7346533,7453194,7559007
Malaysia,MYS,"Government expenditure on education, total (% of GDP)",SE.XPD.TOTL.GD.ZS,3.95851993560791,5.97418022155762,4.96645021438599,5.76293992996216,5.73902988433838,5.48120021820068,5.21263980865479,4.89486980438232,4.75192022323608,4.6753101348877,4.47865009307861,4.15776014328003,3.91176009178162,4.26109393398867,3.49933781956284
Malaysia,MYS,"School enrollment, tertiary (% gross)",SE.TER.ENRR,32.9037017822266,35.0602111816406,36.6774305573553,35.5661790570975,36.825516807355,38.0700970900265,38.3919142029325,44.289909239243,45.4034659569972,42.293211695146,43.3100279300797,40.8082966813944,39.7445667367633,38.1899993008367,36.9853099297291
Malaysia,MYS,"Unemployment, total (% of total labor force) (national estimate)",SL.UEM.TOTL.NE.ZS,3.34,3.62,3.32,3.05,3.04,3.14,2.88,3.1,3.44,3.41,3.3,3.33,4.54,4.64,3.93
Malaysia,MYS,"Electricity production from oil, gas and coal sources (% of total)",EG.ELC.FOSL.ZS,92.3712436478155,92.9906985164177,94.0041350792557,93.2767649265565,92.6105625051161,91.4158498857952,90.2921970041161,90.0428315447999,86.53836333461,83.1339436602594,83.4327369118622,83.9341082011516,82.4472239450532,80.9125610494674,81.568943608581
Malaysia,MYS,"Electricity production from renewable sources, excluding hydroelectric (% of total)",EG.ELC.RNWX.ZS,1.2903242298136,0.867253433100868,0.99778019970189,0.827951084055908,1.33300838660227,1.82966866163587,0.779696071716768,1.86513059291381,0.892493297587131,0.888973994237152,1.27179108241407,1.51029138842632,1.89676222635702,-0.280085788739672,..
Malaysia,MYS,"Inflation, consumer prices (annual %)",FP.CPI.TOTL.ZG,5.44078221100769,0.583308405623702,1.62285235577035,3.1744709215131,1.66357102479206,2.10501231233612,3.14299050879095,2.10438980238359,2.09056659525742,3.87120115774237,0.884709160571235,0.662891865764326,-1.1387021539305,2.47710241465447,3.37869862549928
Malaysia,MYS,"Access to electricity, rural (% of rural population)",EG.ELC.ACCS.RU.ZS,98,97.9,99,98.8,99.5,98.7,99,99.5,99.6,99.9,100,100,100,100,100
Malaysia,MYS,Carbon dioxide (CO2) emissions (total) excluding LULUCF (Mt CO2e),EN.GHG.CO2.MT.CE.AR5,216.128,197.9123,215.5014,218.2727,219.7969,237.1554,251.3897,252.8595,247.4841,237.8324,254.2848,255.1651,253.08,257.9155,276.9845
Malaysia,MYS,"Life expectancy at birth, total (years)",SP.DYN.LE00.IN,75.151,75.269,75.376,75.488,75.552,75.464,75.345,75.288,75.371,75.542,75.734,75.9,76.057,73.917,75.444
Malaysia,MYS,GDP growth (annual %),NY.GDP.MKTP.KD.ZG,4.83176988913097,-1.51352871598714,7.42484738326097,5.29391283414003,5.47345419253853,4.69372252557893,6.00672194558203,5.09153242155011,4.44978139761541,5.81272240983328,4.84308697634881,4.41318742129586,-5.45684658426701,3.31534954399166,9.03173723044451
Malaysia,MYS,People using at least basic drinking water services (% of population),SH.H2O.BASW.ZS,96.894523797627,96.981531661434,97.0660732321152,97.1420179422796,97.2149965525313,97.2860389333655,97.3553157635016,97.4227111540385,97.4883578339003,97.5518244346184,97.6132438171196,97.6726796234952,97.7301935332944,97.7858740262041,97.8397514976645
Malaysia,MYS,Methane (CH4) emissions (total) excluding LULUCF (% change from 1990),EN.GHG.CH4.ZG.AR5,58.5533129272054,61.2465766035304,45.2578766886838,40.5963038825343,42.4725552921682,41.1618835009551,42.9316931716186,47.6369933948586,52.3480472256104,53.0402062092932,53.4567673931555,53.0965915629099,48.1248993118685,46.8654346275114,49.3803364709673
Malaysia,MYS,"Population, total",SP.POP.TOTL,27570059,28124778,28655776,29162039,29662831,30174265,30696137,31232798,31789685,32355644,32910967,33440596,33889558,34282399,34695493
Myanmar,MMR,"Government expenditure on education, total (% of GDP)",SE.XPD.TOTL.GD.ZS,..,..,..,0.787440001964569,..,..,..,..,..,2.16652989387512,1.99249005317688,1.99976003170013,..,..,..
Myanmar,MMR,"School enrollment, tertiary (% gross)",SE.TER.ENRR,..,..,..,14.3246002197266,13.7377004623413,..,..,..,..,..,20.3723297119141,..,..,..,..
Myanmar,MMR,"Unemployment, total (% of total labor force) (national estimate)",SL.UEM.TOTL.NE.ZS,..,..,..,..,..,..,3.868,0.766,..,1.356,0.767,0.407,1.476,..,..
Myanmar,MMR,"Electricity production from oil, gas and coal sources (% of total)",EG.ELC.FOSL.ZS,38.5231048021746,24.5261344055141,28.2434782608696,27.8822175330904,29.171986138975,27.9555845852384,37.6297761141324,41.1094415226647,45.4357310661148,47.3248254274019,42.4290738569754,44.464905819215,52.0572354211663,51.2989648873554,55.856200401568
Myanmar,MMR,"Electricity production from renewable sources, excluding hydroelectric (% of total)",EG.ELC.RNWX.ZS,3.05436424041075,2.85855829982769,2.2295652173913,2.17782466909649,1.83120554440999,22.1092423252776,12.0317819055018,9.24323816679189,14.772569638662,12.4282687214062,12.6794372801876,14.3416815742397,14.7019438444924,13.8295615993505,..
Myanmar,MMR,"Inflation, consumer prices (annual %)",FP.CPI.TOTL.ZG,26.7995371934022,1.47234311385647,7.71838195873614,5.0214601462073,1.46758322674679,5.64303883425501,4.953299184844,9.45417189526018,6.92882525816076,4.5725365531752,6.87232865662935,8.82506696804558,..,..,..
Myanmar,MMR,"Access to electricity, rural (% of rural population)",EG.ELC.ACCS.RU.ZS,36.4,37.6,32.5,40.2,41.4,42.7,37.9,47.6,39.8,59.9,54.6,57.5,60.1,62.8,62.8
Myanmar,MMR,Carbon dioxide (CO2) emissions (total) excluding LULUCF (Mt CO2e),EN.GHG.CO2.MT.CE.AR5,8.3603,7.7887,8.6324,9.1725,12.5577,14.2206,17.7423,19.7406,22.9806,33.7539,33.5187,34.3911,34.7186,31.8377,31.031
Myanmar,MMR,"Life expectancy at birth, total (years)",SP.DYN.LE00.IN,56.364,63.095,63.479,63.859,64.251,64.617,64.994,65.288,65.64,65.909,66.232,66.457,66.612,65.553,66.506
Myanmar,MMR,GDP growth (annual %),NY.GDP.MKTP.KD.ZG,10.2553053929808,10.5500090961932,9.6344394520444,5.59148237823661,7.33267044704149,8.42600102501767,8.16990745558277,6.99284029026121,5.86247291518572,6.13610824360305,6.26886221471075,6.57911006765414,-9.04834717984643,-12.0163724829177,4.0374934360085
Myanmar,MMR,People using at least basic drinking water services (% of population),SH.H2O.BASW.ZS,60.4787323145867,62.2761475757096,64.0988519879754,65.9461876733172,67.8182524811461,69.7146626625881,71.6357324611293,73.5840283312627,75.5592746825868,77.5609391468529,79.5886557826298,81.6416324017497,83.6954599459105,85.5310377931068,85.5803784995837
Myanmar,MMR,Methane (CH4) emissions (total) excluding LULUCF (% change from 1990),EN.GHG.CH4.ZG.AR5,72.3763092714362,73.3601871662473,74.691177653009,69.6396108416794,65.4150348779517,67.6596963058984,70.0712463303139,72.6196803034196,74.8676755811194,80.5860123430884,46.2475559939677,44.324120795182,44.4025643187866,48.3104245559606,49.4782525136247
Myanmar,MMR,"Population, total",SP.POP.TOTL,48390793,48660459,49024382,49419820,49837446,50262658,50681634,51089056,51495696,51894938,52272247,52640713,53016522,53387102,53756787
Philippines,PHL,"Government expenditure on education, total (% of GDP)",SE.XPD.TOTL.GD.ZS,2.58282995223999,2.53777003288269,..,..,..,..,2.66454238129968,2.83052303785203,3.30128109042443,3.96384087403915,3.85502760745456,3.40748649142134,3.85829051308063,3.87249754784633,3.57960089528426
Philippines,PHL,"School enrollment, tertiary (% gross)",SE.TER.ENRR,27.1289901733398,26.6055793762207,27.7549235195177,29.0709151463153,29.6298942276846,31.8704183328366,33.8741923214799,35.8745887819664,38.3447414525513,33.6841018682349,28.1166228592308,30.0548680110365,31.6317598507085,33.6166173848126,38.4011392706768
Philippines,PHL,"Unemployment, total (% of total labor force) (national estimate)",SL.UEM.TOTL.NE.ZS,3.72,3.858,3.605,3.592,3.504,3.497,3.6,3.068,2.695,2.552,2.338,2.237,2.522,3.398,2.598
Philippines,PHL,"Electricity production from oil, gas and coal sources (% of total)",EG.ELC.FOSL.ZS,66.0840828003486,67.4073117168325,73.6913583891825,71.3123048456112,71.5308347389641,73.5564531129594,74.359969972302,74.5634790627692,75.7932530810489,75.4275723217124,76.6178180505994,79.2108712667742,78.7627143629306,77.8804502033481,77.864861229431
Philippines,PHL,"Electricity production from renewable sources, excluding hydroelectric (% of total)",EG.ELC.RNWX.ZS,17.7979151937653,16.8709469060845,14.8596587050869,14.7443332947843,14.4888440915511,13.2294528738076,13.910978229919,15.0144758715251,15.3920173574017,14.5024584083925,14.0845094422838,13.3689987834894,14.322411675102,14.0338882058072,..
Philippines,PHL,"Inflation, consumer prices (annual %)",FP.CPI.TOTL.ZG,8.26044703595725,4.21903052064628,3.78983634797591,4.7184170471842,3.02696391124796,2.58268766141795,3.59782343864211,0.674192536845408,1.25369880080982,2.85318772590947,5.30934661627707,2.39206534422404,2.3931623931624,3.92718022100332,5.82115811213955
Philippines,PHL,"Access to electricity, rural (% of rural population)",EG.ELC.ACCS.RU.ZS,74.6,76.1,78.5,81.2,80.7,81.9,84.6,83.2,87.9,90,91.3,93,94.7,96.5,91.1
Philippines,PHL,Carbon dioxide (CO2) emissions (total) excluding LULUCF (Mt CO2e),EN.GHG.CO2.MT.CE.AR5,77.7622,78.6456,84.9688,84.5875,89.5021,97.4869,104.0134,113.1874,121.2972,135.646,141.3358,147.9244,136.3845,145.6114,151.7004
Philippines,PHL,"Life expectancy at birth, total (years)",SP.DYN.LE00.IN,68.643,68.631,68.883,69.096,69.237,69.283,69.311,69.45,69.49,69.966,69.761,69.68,70.097,66.675,69.472
Philippines,PHL,GDP growth (annual %),NY.GDP.MKTP.KD.ZG,4.34448730509183,1.44832306275669,7.33449996034538,3.85823282795663,6.89695171050985,6.75053130142255,6.34798748260867,6.34830971672761,7.14945675000752,6.9309883258402,6.34148557153473,6.11852566221303,-9.51829474045297,5.71473313185116,7.58098212785563
Philippines,PHL,People using at least basic drinking water services (% of population),SH.H2O.BASW.ZS,89.5006950192922,89.8798092589211,90.264011405217,90.670107052381,91.0748919479401,91.4784521468904,91.8806100613092,92.2815392767777,92.6811507144986,93.0805992720253,93.4798496793252,93.8786426296812,94.2767858134665,94.6741026690457,95.070405889347
Philippines,PHL,Methane (CH4) emissions (total) excluding LULUCF (% change from 1990),EN.GHG.CH4.ZG.AR5,39.4592284419376,42.4525955634325,42.2956472187546,45.8726207234594,46.374372508445,50.1925635459702,50.5986975701981,49.9030542147874,53.4882373252139,60.0752386218486,60.5714368500226,62.2486110071496,63.4100287577659,66.4055690101872,67.5438066975895
Philippines,PHL,"Population, total",SP.POP.TOTL,92699095,94384250,96337125,98248614,100175512,102076336,103767130,105312992,106735719,108119693,109465287,110804683,112081264,113100950,113964338
Singapore,SGP,"Government expenditure on education, total (% of GDP)",SE.XPD.TOTL.GD.ZS,2.76460003852844,3.01012992858887,3.08044004440308,3.03077006340027,3.07085990905762,2.85435009002686,3.01358665503678,2.99161870509909,2.94466258946576,2.87916382421742,2.85660004615784,2.72951006889343,2.6869900226593,2.82470989227295,2.48891997337341
Singapore,SGP,"School enrollment, tertiary (% gross)",SE.TER.ENRR,..,..,93.2696812803906,95.9817452372883,101.99681244982,..,..,..,83.9409778236648,84.7929138455372,88.8864453410769,91.0889904414776,93.134767179468,97.0989103061521,98.02222650098
Singapore,SGP,"Unemployment, total (% of total labor force) (national estimate)",SL.UEM.TOTL.NE.ZS,3.96,5.86,4.12,3.89,3.72,3.86,3.74,3.79,4.08,4.2,..,3.1,4.1,4.64,3.591
Singapore,SGP,"Electricity production from oil, gas and coal sources (% of total)",EG.ELC.FOSL.ZS,97.4854978666283,97.4487722066805,97.4582848273186,97.3617872044506,97.3092164131407,97.1357695274228,97.0556669299151,96.9139230464102,96.9270661996633,96.8869293021835,96.8467197230532,96.6145881143403,96.6178508558373,96.1073754058514,95.2146768511737
Singapore,SGP,"Electricity production from renewable sources, excluding hydroelectric (% of total)",EG.ELC.RNWX.ZS,3.30571935375617,2.77227841140043,3.27738972965981,3.36993654381085,3.37321573139035,3.85061808175773,4.03466780066015,4.17967076556922,4.59045610232792,4.27901206291037,4.11612199206036,4.17542088160238,4.08125772500843,4.02215992761209,..
Singapore,SGP,"Inflation, consumer prices (annual %)",FP.CPI.TOTL.ZG,6.63544058395309,0.589142019610516,2.82884527612958,5.25115624639373,4.58084479423094,2.36439793742726,1.03316955857629,-0.521975611895763,-0.529809760375464,0.576763191179996,0.438784215129623,0.567829988405447,-0.172111865925382,2.31610315765146,6.13095418919732
Singapore,SGP,"Access to electricity, rural (% of rural population)",EG.ELC.ACCS.RU.ZS,100,100,100,100,100,100,100,100,100,100,100,100,100,100,100
Singapore,SGP,Carbon dioxide (CO2) emissions (total) excluding LULUCF (Mt CO2e),EN.GHG.CO2.MT.CE.AR5,42.9155,43.7607,48.8859,51.3367,50.1515,52.6259,53.8631,55.1746,52.9724,56.8881,54.2117,55.8876,53.8768,55.7179,56.3467
Singapore,SGP,"Life expectancy at birth, total (years)",SP.DYN.LE00.IN,80.790243902439,81.2414634146342,81.5414634146342,81.7439024390244,81.9951219512195,82.2463414634147,82.4951219512195,82.7439024390244,82.8463414634146,83.0951219512195,83.2975609756098,83.5951219512195,83.5439024390244,83.0926829268293,82.8951219512195
Singapore,SGP,GDP growth (annual %),NY.GDP.MKTP.KD.ZG,1.86348345462035,0.127953382778088,14.5197497108994,6.21493416858989,4.43549759378537,4.81763099120676,3.93554027709007,2.97679931634806,3.74757848792792,4.47689915845876,3.4519759658687,1.30804118153127,-3.81470885510713,9.7568044629903,4.10800021897151
Singapore,SGP,People using at least basic drinking water services (% of population),SH.H2O.BASW.ZS,100,100,100,100,100,100,100,100,100,100,100,100,100,100,100
Singapore,SGP,Methane (CH4) emissions (total) excluding LULUCF (% change from 1990),EN.GHG.CH4.ZG.AR5,151.413733410271,147.852609018218,187.123897452807,191.30327260737,194.180199488913,240.581980051109,254.257686917814,268.906108317534,250.754265930261,286.225373011293,285.508202126783,297.238479927459,278.212843129173,277.850136015168,271.807765229577
Singapore,SGP,"Population, total",SP.POP.TOTL,4839396,4987573,5076732,5183688,5312437,5399162,5469724,5535002,5607283,5612253,5638676,5703569,5685807,5453566,5637022
Thailand,THA,"Government expenditure on education, total (% of GDP)",SE.XPD.TOTL.GD.ZS,3.50850009918213,3.86193990707398,3.50844001770019,4.80555009841919,4.53670978546143,4.12402009963989,3.91917751852112,3.86397622727286,3.76761756770937,3.46532147640365,3.19769395901619,3.02221411183282,3.15314171737183,2.98212428478268,2.61187022798634
Thailand,THA,"School enrollment, tertiary (% gross)",SE.TER.ENRR,46.3521308898926,46.2023391723633,46.3783774485726,52.7332765596589,50.7403100613359,49.6879408184566,49.9091820021394,45.713134717198,49.3227291503798,47.427491541895,46.1667791174286,44.9880040072053,42.5900878816865,43.4690405127808,43.29484965617
Thailand,THA,"Unemployment, total (% of total labor force) (national estimate)",SL.UEM.TOTL.NE.ZS,1.18,1.49,0.622,0.66,0.58,0.249,0.576,0.597,0.688,0.83,0.765,0.716,1.099,1.215,0.94
Thailand,THA,"Electricity production from oil, gas and coal sources (% of total)",EG.ELC.FOSL.ZS,93.3074980996851,93.0875016853175,94.0876196209755,91.917394655704,91.6632411258342,91.8543853909526,91.6710738168271,91.9913197418765,86.3678609226339,85.6224034124992,83.1702359266006,82.1272318476392,83.3487287515067,82.547638983327,81.3851419587635
Thailand,THA,"Electricity production from renewable sources, excluding hydroelectric (% of total)",EG.ELC.RNWX.ZS,2.56573732218482,2.45533908588378,2.61946419836701,7.65167009249743,7.56968759067608,8.83076465514677,9.45218535885955,10.9237564959169,18.9619482005576,17.5784530448113,19.638923446039,21.8353127893136,16.1636964774532,17.2997083499576,..
Thailand,THA,"Inflation, consumer prices (annual %)",FP.CPI.TOTL.ZG,5.46848949649845,-0.845716092316721,3.24758842443723,3.80879058139634,3.01489950334985,2.18488618530687,1.8951418189878,-0.900424963291569,0.188149704448143,0.665631893135106,1.06389754183024,0.706728601314311,-0.845937147357041,1.23039541318384,-1.61068030486688
Thailand,THA,"Access to electricity, rural (% of rural population)",EG.ELC.ACCS.RU.ZS,91.5,98.9,99.5,99,98.8,99,99.2,99.5,99.9,99.9,99.7,99.9,100,100,100
Thailand,THA,Carbon dioxide (CO2) emissions (total) excluding LULUCF (Mt CO2e),EN.GHG.CO2.MT.CE.AR5,238.9694,232.0176,246.3596,246.7462,264.8041,275.9576,272.5228,281.4677,277.7638,281.081,276.6537,286.4704,275.6334,268.5767,284.314
Thailand,THA,"Life expectancy at birth, total (years)",SP.DYN.LE00.IN,74.221,74.669,75.012,75.302,75.59,75.96,76.279,76.563,76.769,76.989,77.19,77.197,77.331,77.606,75.291
Thailand,THA,GDP growth (annual %),NY.GDP.MKTP.KD.ZG,1.72569884866334,-0.690618232300579,7.51339053261624,0.840132083053334,7.24279620249642,2.68749556320556,0.984468863619426,3.13404724911635,3.43515771692182,4.1776810321001,4.22287028746071,2.11455779628278,-6.05003846851622,1.55216608426647,2.58037874709827
Thailand,THA,People using at least basic drinking water services (% of population),SH.H2O.BASW.ZS,96.5089112924914,96.8196905562878,97.1240162959277,97.4082908052725,97.6857256811255,97.9592475537445,98.2288774371451,98.4945735276121,98.7563664509808,99.0141678969544,99.2453414879961,99.4287701898312,99.487572734038,99.9512350608319,99.9999987802384
Thailand,THA,Methane (CH4) emissions (total) excluding LULUCF (% change from 1990),EN.GHG.CH4.ZG.AR5,19.5915420319752,22.3421007392126,28.6531201650335,27.2148530170191,27.6160220044696,25.801065841499,19.0378545642083,13.9348805226061,14.5185490802819,13.5687811586728,9.46893587760014,5.71098504383702,8.50293965961835,9.02073233625578,10.435344679388
Thailand,THA,"Population, total",SP.POP.TOTL,67619830,68121080,68579447,69007208,69436098,69845114,70216367,70540795,70859841,71160187,71376079,71522271,71641484,71727332,71735329
Viet Nam,VNM,"Government expenditure on education, total (% of GDP)",SE.XPD.TOTL.GD.ZS,4.88674020767212,4.81650018692017,4.04593992233276,3.7802300453186,4.40817022323608,4.52833986282349,3.54012312110584,3.41660449674943,3.46906995773315,3.41865686539527,3.29537010192871,3.08499832693462,3.21652900152514,2.94517488804327,2.88738689372749
Viet Nam,VNM,"School enrollment, tertiary (% gross)",SE.TER.ENRR,20.0552005767822,21.5007190704346,23.9250975429329,25.8674734818525,25.7487091222031,25.6249412769592,31.3306389293887,29.7250797402999,29.0811980839409,25.9526307046456,..,30.2241191864014,..,41.9554971195048,44.7536854027422
Viet Nam,VNM,"Unemployment, total (% of total labor force) (national estimate)",SL.UEM.TOTL.NE.ZS,..,1.737,1.114,0.999,1.027,1.316,1.256,1.848,1.848,1.874,1.161,1.681,2.103,2.383,1.57
Viet Nam,VNM,"Electricity production from oil, gas and coal sources (% of total)",EG.ELC.FOSL.ZS,64.5185023707014,63.8677487225729,70.8597199245545,60.539818587132,54.9807810055106,56.7914544941863,56.6464547182493,65.2261722417115,63.6691584331241,55.2153280947035,60.8357409690657,69.0608318129603,64.5557864576609,55.8896995860578,50.9022632553832
Viet Nam,VNM,"Electricity production from renewable sources, excluding hydroelectric (% of total)",EG.ELC.RNWX.ZS,-1.18119516049921,0.598653441538924,9.65600665943121,1.74854908140518,3.20998877474658,5.54101079798968,1.23463687150838,0.733762784722565,0.597059752522706,1.32019593836106,1.30389576930863,2.94445992972498,5.37810936985936,10.1722062845034,..
Viet Nam,VNM,"Inflation, consumer prices (annual %)",FP.CPI.TOTL.ZG,23.1154483474477,6.71698269988629,9.20746648778413,18.6777322770707,9.09470339557192,6.59267475899192,4.08455446637617,0.631200905175754,2.66824816969082,3.52025688811617,3.53962805942641,2.7958236745225,3.22093436652514,1.83471554810444,3.15650749963129
Viet Nam,VNM,"Access to electricity, rural (% of rural population)",EG.ELC.ACCS.RU.ZS,91.6,94.6,96.4,98.5,97,97.8,98.9,98.9,98.8,100,100,99.1,99.7,100,100
Viet Nam,VNM,Carbon dioxide (CO2) emissions (total) excluding LULUCF (Mt CO2e),EN.GHG.CO2.MT.CE.AR5,125.7916,140.8243,156.7839,156.7664,156.2243,163.1599,178.9422,200.8183,223.8051,229.2539,282.0973,336.5288,348.3315,336.1703,343.9999
Viet Nam,VNM,"Life expectancy at birth, total (years)",SP.DYN.LE00.IN,73.455,73.525,73.611,73.713,73.762,73.821,73.886,73.955,73.984,74.026,74.1,74.211,75.383,74.145,74.502
Viet Nam,VNM,GDP growth (annual %),NY.GDP.MKTP.KD.ZG,5.66177120891362,5.39789754014181,6.42324482239482,6.41316889681683,5.5045447041189,5.55351081026072,6.42224312118567,6.98715430598611,6.69000892660424,6.94019037359206,7.46500685572751,7.35926270105006,2.86541320912272,2.55372852648131,8.53750046755788
Viet Nam,VNM,People using at least basic drinking water services (% of population),SH.H2O.BASW.ZS,87.1265536349234,87.9033221889861,88.6734023519778,89.4349602173231,90.1878966419353,90.9316441418206,91.6663943913083,92.3918615614749,93.1077859229268,93.8136963360805,94.8327946840432,95.6342556825242,96.2941639364055,96.9270863481492,97.5492793224641
Viet Nam,VNM,Methane (CH4) emissions (total) excluding LULUCF (% change from 1990),EN.GHG.CH4.ZG.AR5,76.9925366111206,81.5860538786813,82.6721452417905,86.0773263872827,85.2322519208775,86.3411529572024,87.4267657956987,83.6309490578648,80.8385984333104,80.2125287314153,83.961609565388,84.3284784352883,80.9020826986236,86.5829673949279,87.0798354513364
Viet Nam,VNM,"Population, total",SP.POP.TOTL,85175788,86460018,87455152,88468314,89510356,90573104,91679578,92823254,94000117,95176977,96237319,97173776,98079191,98935098,99680655
Timor-Leste,TLS,"Government expenditure on education, total (% of GDP)",SE.XPD.TOTL.GD.ZS,8.67014980316162,12.9024801254272,11.1065797805786,10.1935195922852,7.16214990615845,5.66632986068726,7.51430988311768,8.46706962585449,8.12837982177734,7.17093992233276,6.848060131073,4.17968913742937,3.65287360437751,2.97389404101318,..
Timor-Leste,TLS,"School enrollment, tertiary (% gross)",SE.TER.ENRR,..,16.5156002044678,17.7029094696045,..,..,..,..,..,..,..,..,..,..,..,..
Timor-Leste,TLS,"Unemployment, total (% of total labor force) (national estimate)",SL.UEM.TOTL.NE.ZS,..,..,3.301,..,..,4.05,..,3.678,4.657,..,..,..,..,2.344,1.537
Timor-Leste,TLS,"Electricity production from oil, gas and coal sources (% of total)",EG.ELC.FOSL.ZS,98.9721847497912,99.1040103632536,99.1049591507519,98.852722836526,98.4484542006666,99.1645203844463,99.3014608233732,99.3745454545455,99.4692385535202,99.5845649916114,99.6060456835486,99.6554123455154,99.6267236849258,99.6285529715762,..
Timor-Leste,TLS,"Electricity production from renewable sources, excluding hydroelectric (% of total)",EG.ELC.RNWX.ZS,0.0642384531380484,0.0863604469153128,0.114481969089868,0.368582256138712,0.689575910814849,0.364344494000879,0.300132802124834,0.261818181818182,0.220978501063588,0.115842454262203,0.109852645933558,0.0960869421159007,0.10147317302988,0.102282515073213,..
Timor-Leste,TLS,"Inflation, consumer prices (annual %)",FP.CPI.TOTL.ZG,9.06423621948942,0.669681185965433,6.76597680236481,13.499840238577,11.8003096701544,11.0849085109954,0.726275016139465,0.552796026277853,-1.33853876185163,0.557215537430361,2.63647201015892,0.958812739703141,0.495499215459571,3.69792094666786,7.00530945399787
Timor-Leste,TLS,"Access to electricity, rural (% of rural population)",EG.ELC.ACCS.RU.ZS,28.4,31.9,20.6,39,42.6,46.2,49.8,55.6,67.2,70.9,78.8,86.5,94.2,100,100
Timor-Leste,TLS,Carbon dioxide (CO2) emissions (total) excluding LULUCF (Mt CO2e),EN.GHG.CO2.MT.CE.AR5,0.3109,0.3372,0.3344,0.3708,0.6288,0.7585,0.7441,0.6952,0.6609,0.6218,0.6666,0.7283,0.6794,0.7107,0.6946
Timor-Leste,TLS,"Life expectancy at birth, total (years)",SP.DYN.LE00.IN,62.858,63.265,63.66,64.022,64.384,64.719,65.027,65.326,65.61,65.898,66.204,66.496,66.919,66.199,67.368
Timor-Leste,TLS,GDP growth (annual %),NY.GDP.MKTP.KD.ZG,11.3948084309167,10.146951414355,9.33149806305823,5.95855501570803,4.86062134121768,3.10436980963603,4.47249922937381,2.48003785368208,3.00993358093274,-3.18241515376397,-0.466502371512661,24.2128789232326,31.7257429812373,5.36980163959615,-20.5224785561874
Timor-Leste,TLS,People using at least basic drinking water services (% of population),SH.H2O.BASW.ZS,59.6817264826487,61.438249315098,63.1966745548591,64.9574170311788,66.7197738098251,68.4836127023317,70.2490467993202,72.0159260209215,73.7840931370356,75.5531586283782,77.3234209050104,79.094491992256,80.8664062920622,82.6385824192743,84.411254635514
Timor-Leste,TLS,Methane (CH4) emissions (total) excluding LULUCF (% change from 1990),EN.GHG.CH4.ZG.AR5,365.568369028007,355.354200988468,331.987918725975,360.626029654036,394.673256452499,292.339373970346,235.47501372872,257.056562328391,213.152114222954,191.543108182317,174.766611751785,213.948380010983,178.665568369028,167.435475013729,179.654036243822
Timor-Leste,TLS,"Population, total",SP.POP.TOTL,1032429,1058782,1084679,1110207,1134885,1158695,1181903,1205131,1228312,1251703,1275959,1300945,1326053,1350139,1369295
Australia,AUS,"Government expenditure on education, total (% of GDP)",SE.XPD.TOTL.GD.ZS,..,..,..,..,..,..,..,..,..,..,..,..,5.38625001907349,5.34109020233154,5.05916023254395
Australia,AUS,"School enrollment, tertiary (% gross)",SE.TER.ENRR,..,..,..,..,..,..,..,119.679389953613,119.682777404785,109.993309020996,103.322090148926,109.759559631348,110.139221191406,112.688293457031,106.240760803223
Australia,AUS,"Unemployment, total (% of total labor force) (national estimate)",SL.UEM.TOTL.NE.ZS,4.234,5.561,5.211,5.081,5.224,5.662,6.077,6.054,5.714,5.604,5.345,5.143,6.394,5.022,3.728
Australia,AUS,"Electricity production from oil, gas and coal sources (% of total)",EG.ELC.FOSL.ZS,91.8288305697288,92.4770915772761,91.3845033463811,89.6067526370103,89.4733067729084,86.8294794560081,85.3831398283695,86.6746646221562,85.4164232695438,84.3211421971949,82.8983053444472,80.2955012006393,77.3997088747935,73.3387559592399,69.0657788613455
Australia,AUS,"Electricity production from renewable sources, excluding hydroelectric (% of total)",EG.ELC.RNWX.ZS,3.21394945337779,2.74014555008422,3.25297533058129,3.77295321522258,4.91593625498008,5.84715157782507,7.17778899545684,7.98431659191756,8.61820532591848,9.36755170930399,10.9604835744055,13.656230825752,16.8875246061136,20.937361139354,..
Australia,AUS,"Inflation, consumer prices (annual %)",FP.CPI.TOTL.ZG,4.35029854990048,1.77111716621254,2.91834002677376,3.3038501560874,1.76278015613196,2.4498886414254,2.48792270531404,1.50836672165921,1.27699094497324,1.94864740944527,1.91140094445691,1.61076787290379,0.846905537459305,2.86391042204994,6.59409671341846
Australia,AUS,"Access to electricity, rural (% of rural population)",EG.ELC.ACCS.RU.ZS,100,100,100,100,100,100,100,100,100,100,100,100,100,100,100
Australia,AUS,Carbon dioxide (CO2) emissions (total) excluding LULUCF (Mt CO2e),EN.GHG.CO2.MT.CE.AR5,404.3323,410.3013,415.3195,412.862,413.3728,405.7424,396.4423,400.6316,408.6132,411.2113,409.2476,407.9086,392.5458,384.7347,378.0651
Australia,AUS,"Life expectancy at birth, total (years)",SP.DYN.LE00.IN,81.3951219512195,81.5439024390244,81.6951219512195,81.8951219512195,82.0463414634146,82.1487804878049,82.3,82.4,82.4487804878049,82.5,82.7487804878049,82.9,83.2,83.3,83.2
Australia,AUS,GDP growth (annual %),NY.GDP.MKTP.KD.ZG,3.62398503565633,1.95484826298522,2.21004795300735,2.39473494330615,3.95247138119184,2.65445302592404,2.60118978187332,2.16434780647852,2.75564065529868,2.29331030192918,2.87417039499501,2.19401703622717,-0.133531904304775,2.00694844335034,4.25304559238732
Australia,AUS,People using at least basic drinking water services (% of population),SH.H2O.BASW.ZS,99.8425531204552,99.8636787110095,99.8831426844635,99.8919671201613,99.9007717329478,99.9095874586183,99.9614825180861,99.9700064923964,99.9699685481919,99.9699329598972,99.9698940747082,99.9698532048744,99.9698157102474,99.9697732704149,99.9697269040604
Australia,AUS,Methane (CH4) emissions (total) excluding LULUCF (% change from 1990),EN.GHG.CH4.ZG.AR5,-0.188817270198605,-0.141415144080181,-2.28127227594224,1.95614691925741,3.76332600362672,3.99364710807468,3.60788443376037,3.73318717078359,-4.39019934068605,2.09698662022841,2.4161417546555,2.12259383858677,-4.39631342372108,-4.49313172684003,-2.81463610776036
Australia,AUS,"Population, total",SP.POP.TOTL,21249199,21691653,22031750,22340024,22733465,23128129,23475686,23815995,24190907,24592588,24963258,25334826,25649248,25685412,26018721
China,CHN,"Government expenditure on education, total (% of GDP)",SE.XPD.TOTL.GD.ZS,..,..,..,..,..,..,..,..,..,..,..,..,..,..,..
China,CHN,"School enrollment, tertiary (% gross)",SE.TER.ENRR,21.8667392730713,23.2886295318604,25.2883066277701,26.7875039907406,29.3081906903292,32.7191603158803,43.7110051016854,47.1192619330726,49.309077375597,51.0678812273407,53.3987984572814,56.6050917923292,61.6124675996947,66.8186077597542,71.5799465086024
China,CHN,"Unemployment, total (% of total labor force) (national estimate)",SL.UEM.TOTL.NE.ZS,4.2,4.3,4.1,4.1,4.1,4.05,4.1,..,..,3.9,4.93,5.15,5.61,5.11,..
China,CHN,"Electricity production from oil, gas and coal sources (% of total)",EG.ELC.FOSL.ZS,80.2899470319582,80.2483727723448,79.1974463835848,80.9863773842652,77.7146982055628,77.2726663578868,75.1358276643211,72.836485040317,71.3347832636917,70.9002577594408,69.5798997682015,67.9441024354279,66.6281115933715,66.2498687355151,64.7954007326624
China,CHN,"Electricity production from renewable sources, excluding hydroelectric (% of total)",EG.ELC.RNWX.ZS,0.762948905235804,1.23941491135677,1.631076144851,2.01460548997288,2.63509900291247,3.23888176908446,3.61274014155713,4.55807103746262,5.9539883138882,7.19946452516446,8.56768880402383,9.50765506036168,10.6602772642896,12.856523818733,..
China,CHN,"Inflation, consumer prices (annual %)",FP.CPI.TOTL.ZG,5.92525137041092,-0.728165250932898,3.17532475269199,5.55389892257493,2.61952432645541,2.62105001748115,1.92164162788521,1.43702380935655,2.00000182191943,1.59313600071436,2.07479039965576,2.89923416358227,2.41942189457782,0.981015135544882,1.97357555739051
China,CHN,"Access to electricity, rural (% of rural population)",EG.ELC.ACCS.RU.ZS,97.8,98.3,99.4,99.8,99.9,100,100,100,100,100,100,100,100,100,100
China,CHN,Carbon dioxide (CO2) emissions (total) excluding LULUCF (Mt CO2e),EN.GHG.CO2.MT.CE.AR5,7752.2237,8319.1638,9106.0051,9955.7482,10270.741,10760.43,10881.1042,10749.8966,10773.7258,10999.4188,11527.5117,11813.0582,11964.1285,12551.8645,12518.6844
China,CHN,"Life expectancy at birth, total (years)",SP.DYN.LE00.IN,74.833,75.317,75.668,75.889,76.2,76.452,76.714,76.975,77.214,77.235,77.709,77.94,78.019,78.117,78.202
China,CHN,GDP growth (annual %),NY.GDP.MKTP.KD.ZG,9.67024588602851,9.40269972778044,10.5962719761682,9.4613358870736,7.85617427055587,7.77872409446717,7.46190028229434,6.97878002657477,6.77555562837017,6.8912663621211,6.75671800166833,6.06850235053705,2.34018843078414,8.57008513166322,3.1341888719577
China,CHN,People using at least basic drinking water services (% of population),SH.H2O.BASW.ZS,86.9310466925724,87.6756600660426,88.3938119002149,89.0737896182727,89.7224776817502,90.3447948783421,90.9415850511528,91.5125864728114,92.0580332231986,92.577308673558,93.068663255545,93.5326999183951,93.9705270769772,94.6329735273297,95.4385845932759
China,CHN,Methane (CH4) emissions (total) excluding LULUCF (% change from 1990),EN.GHG.CH4.ZG.AR5,22.5761134953138,24.7289301237582,29.8644974755103,38.7606459427132,39.3974722011991,39.9947054510439,40.7029868338733,41.0813748565818,36.9199774207613,38.4535001787104,40.9062444908922,40.6752659223981,41.2087652651271,43.1789625277137,42.4302850522459
China,CHN,"Population, total",SP.POP.TOTL,1324655000,1331260000,1337705000,1345035000,1354190000,1363240000,1371860000,1379860000,1387790000,1396215000,1402760000,1407745000,1411100000,1412360000,1412175000
"Korea, Rep.",KOR,"Government expenditure on education, total (% of GDP)",SE.XPD.TOTL.GD.ZS,..,..,..,..,..,..,..,4.45423984527588,4.33309984207153,4.32823991775513,4.45807981491089,4.68465995788574,4.8017201423645,4.86627006530762,5.81446981430054
"Korea, Rep.",KOR,"School enrollment, tertiary (% gross)",SE.TER.ENRR,103.136177062988,102.658447265625,101.673286437988,100.819679260254,98.286979675293,96.3375015258789,94.4421691894531,93.9676513671875,93.6577224731445,93.7230224609375,93.3281784057617,93.9989166259766,96.8767700195312,100.359878540039,102.813056945801
"Korea, Rep.",KOR,"Unemployment, total (% of total labor force) (national estimate)",SL.UEM.TOTL.NE.ZS,2.959,3.363,3.324,2.992,2.812,3.067,3.082,3.546,3.65,3.653,3.824,3.746,3.931,3.639,2.857
"Korea, Rep.",KOR,"Electricity production from oil, gas and coal sources (% of total)",EG.ELC.FOSL.ZS,62.6713040848345,64.3538400194327,66.7183776911484,68.3586998887738,69.7088677109523,71.6029388822441,68.2005367216979,67.1399845095979,67.3093248618489,69.7540336838512,72.5112211810104,69.2511866473774,66.0453054609892,67.2691285505639,63.1866329321357
"Korea, Rep.",KOR,"Electricity production from renewable sources, excluding hydroelectric (% of total)",EG.ELC.RNWX.ZS,0.308583634198439,0.429444197461834,0.527292475309214,0.557722618855225,0.670575577464052,0.834650729148868,1.07511138457889,1.54467671967099,2.33748898796017,2.75473216478576,3.31399440372008,4.20412213714381,5.02715264887679,5.51298275297892,..
"Korea, Rep.",KOR,"Inflation, consumer prices (annual %)",FP.CPI.TOTL.ZG,4.67389655533408,2.7564965449393,2.93928652655686,4.0259650043609,2.18707104433314,1.30134754547413,1.27477446401322,0.70633177245575,0.971685739912168,1.94433230786366,1.47583935002645,0.383000303608136,0.537288023411737,2.49833333333339,5.08951365062842
"Korea, Rep.",KOR,"Access to electricity, rural (% of rural population)",EG.ELC.ACCS.RU.ZS,100,100,100,100,100,100,100,100,100,100,100,100,100,100,100
"Korea, Rep.",KOR,Carbon dioxide (CO2) emissions (total) excluding LULUCF (Mt CO2e),EN.GHG.CO2.MT.CE.AR5,552.3692,556.3739,612.9372,647.6916,645.2115,642.0472,630.5865,643.7994,648.8158,665.288,680.496,654.9901,617.3408,638.7702,613.5467
"Korea, Rep.",KOR,"Life expectancy at birth, total (years)",SP.DYN.LE00.IN,79.5170731707317,79.9682926829268,80.1170731707317,80.5682926829269,80.819512195122,81.2707317073171,81.7219512195122,82.0243902439024,82.2756097560976,82.6268292682927,82.6268292682927,83.2268292682927,83.4268292682927,83.5268292682927,82.6804878048781
"Korea, Rep.",KOR,GDP growth (annual %),NY.GDP.MKTP.KD.ZG,3.00440451679569,0.81986175641795,6.98166138853071,3.6880320602952,2.54766550568242,3.2913959543442,3.21468019683108,2.92029267301234,3.17152748983935,3.433191763972,3.17611568177327,2.31380210595475,-0.700242317542106,4.61296795454287,2.72756456708991
"Korea, Rep.",KOR,People using at least basic drinking water services (% of population),SH.H2O.BASW.ZS,98.9084790994141,98.9799119351498,99.0513447708854,99.1227776066211,99.1942104423568,99.2656432780924,99.3370761138281,99.4085089495638,99.4799417852994,99.5513746210351,99.6228074567707,99.6942402925064,99.7656731282421,99.8371059639777,99.9085387997134
"Korea, Rep.",KOR,Methane (CH4) emissions (total) excluding LULUCF (% change from 1990),EN.GHG.CH4.ZG.AR5,-4.04555950132982,-2.09064818107598,-0.737036128043433,-1.21662300714747,0.435760401901319,0.088905139468376,0.271724158656861,2.09766041742843,2.45102704218862,3.46980480939239,4.18755728746663,5.03779094519938,12.1529569098076,16.2378350221136,16.806327040686
"Korea, Rep.",KOR,"Population, total",SP.POP.TOTL,49054708,49307835,49554112,49936638,50199853,50428893,50746659,51014947,51217803,51361911,51585058,51764822,51836239,51769539,51672569
Japan,JPN,"Government expenditure on education, total (% of GDP)",SE.XPD.TOTL.GD.ZS,3.27241992950439,..,3.59951996803284,3.60527992248535,3.41945004463196,3.40875005722046,3.41529989242554,3.31221008300781,3.14643001556396,3.13057994842529,3.07782006263733,3.15533995628357,3.30628991127014,3.33563995361328,..
Japan,JPN,"School enrollment, tertiary (% gross)",SE.TER.ENRR,..,..,..,..,..,62.8381881713867,62.7269897460938,62.4726600646973,63.1872291564941,62.4629783630371,62.2089385986328,62.1184997558594,62.1358413696289,63.1702690124512,64.6288299560547
Japan,JPN,"Unemployment, total (% of total labor force) (national estimate)",SL.UEM.TOTL.NE.ZS,4.002,5.068,5.102,4.55,4.358,4.038,3.589,3.385,3.132,2.822,2.467,2.351,2.809,2.808,2.614
Japan,JPN,"Electricity production from oil, gas and coal sources (% of total)",EG.ELC.FOSL.ZS,65.2338646223589,62.3714781434896,63.2282832423753,77.6511229673058,85.7127647086124,85.452645154746,84.784772597367,82.0901063275069,80.1604151702275,77.2620137162126,73.380262547394,71.8532298427903,72.4415728734886,68.6455790983864,68.319872965837
Japan,JPN,"Electricity production from renewable sources, excluding hydroelectric (% of total)",EG.ELC.RNWX.ZS,1.92664457774794,1.97794357693338,1.93394655256348,2.24035263676289,2.46447210248094,3.17090710168712,4.27991876983703,5.55725588882088,6.69775835351678,7.76675220406082,8.7805746797831,10.1388571940274,11.6827700825577,12.6418714359476,..
Japan,JPN,"Inflation, consumer prices (annual %)",FP.CPI.TOTL.ZG,1.3800788616492,-1.35283672951719,-0.728243207517779,-0.27245561610124,-0.0440645104432602,0.335037912184741,2.75922671353253,0.795279630579839,-0.127258844489754,0.484199796126385,0.989094598021848,0.46877615938395,-0.024995834027731,-0.233352779398264,2.49770278172255
Japan,JPN,"Access to electricity, rural (% of rural population)",EG.ELC.ACCS.RU.ZS,100,100,100,100,100,100,100,100,100,100,100,100,100,100,100
Japan,JPN,Carbon dioxide (CO2) emissions (total) excluding LULUCF (Mt CO2e),EN.GHG.CO2.MT.CE.AR5,1220.7653,1157.495,1217.0641,1269.8897,1308.4016,1323.4899,1273.5698,1232.5762,1228.6537,1212.9423,1163.1278,1123.813,1060.2269,1080.206,1050.5032
Japan,JPN,"Life expectancy at birth, total (years)",SP.DYN.LE00.IN,82.5875609756098,82.9314634146342,82.8426829268293,82.5912195121951,83.0960975609756,83.3319512195122,83.5878048780488,83.7939024390244,83.9848780487805,84.099756097561,84.2109756097561,84.3563414634146,84.56,84.4456097560976,83.9963414634146
Japan,JPN,GDP growth (annual %),NY.GDP.MKTP.KD.ZG,-1.22428900061713,-5.69323635892741,4.09791791943181,0.0238095237995424,1.37475099905274,2.00510017681211,0.296205514141889,1.56062669680782,0.753826745789127,1.67533175173359,0.643391023533141,-0.402169200894946,-4.16876457146743,2.69657404187188,0.941998775483285
Japan,JPN,People using at least basic drinking water services (% of population),SH.H2O.BASW.ZS,98.659309501137,98.6942333988975,98.7291572966581,98.7640811944187,98.7990050921792,98.8339289899398,98.8688528877004,98.9037767854609,98.9387006832215,98.973624580982,99.0085484787426,99.0434723765032,99.0783962742638,99.1133201720243,99.1482440697849
Japan,JPN,Methane (CH4) emissions (total) excluding LULUCF (% change from 1990),EN.GHG.CH4.ZG.AR5,-17.5154472968142,-16.879317765668,-14.7396756614799,-18.4575317882389,-19.3165984578236,-18.3818090298295,-19.9072067931631,-21.6847219486573,-22.1788895454446,-22.3993463623166,-23.4393306049796,-24.1116436507415,-24.7077962342883,-24.1895549281801,-24.6532291598275
Japan,JPN,"Population, total",SP.POP.TOTL,128063000,128047000,128070000,127833000,127629000,127445000,127276000,127141000,127076000,126972000,126811000,126633000,126261000,125681593,125124989
New Zealand,NZL,"Government expenditure on education, total (% of GDP)",SE.XPD.TOTL.GD.ZS,..,..,..,..,..,5.88855981826782,5.80853986740112,5.70734977722168,5.50559997558594,5.28000020980835,5.19308996200562,5.17797994613647,5.65149021148682,5.54822015762329,5.22557020187378
New Zealand,NZL,"School enrollment, tertiary (% gross)",SE.TER.ENRR,..,..,..,..,..,80.388542175293,80.7100067138672,82.1818466186523,81.8633575439453,81.2698593139648,81.2513122558594,77.5843734741211,75.7348327636719,79.4128875732422,77.0104675292969
New Zealand,NZL,"Unemployment, total (% of total labor force) (national estimate)",SL.UEM.TOTL.NE.ZS,4.039,5.867,6.209,6.035,6.487,5.842,5.43,5.409,5.147,4.737,4.331,4.112,4.603,3.797,3.316
New Zealand,NZL,"Electricity production from oil, gas and coal sources (% of total)",EG.ELC.FOSL.ZS,35.3456714243438,27.9386438264943,26.4639864879881,23.5665792834577,27.7042016806723,25.1947636563021,20.3737382922615,19.418648884513,15.3114598193058,18.3714157706093,16.2258916185618,17.8664776502902,19.4731404958678,18.4550895519042,13.3206618962433
New Zealand,NZL,"Electricity production from renewable sources, excluding hydroelectric (% of total)",EG.ELC.RNWX.ZS,13.6470213298732,16.324140623206,18.4523412671956,20.0622885438372,20.903081232493,22.0899682438144,24.2361553150859,25.5812392311307,25.8474288431492,25.1254480286738,24.918333557077,25.328932795818,25.9477182896155,27.116630427473,..
New Zealand,NZL,"Inflation, consumer prices (annual %)",FP.CPI.TOTL.ZG,3.9589493731206,2.1156511055456,2.30202385958572,4.0279066739204,1.05991318445632,1.13442266445817,1.227507505974,0.292704628136101,0.646240284454524,1.85078767452536,1.59829703801696,1.61963190184048,1.71456170007245,3.94112060778728,7.17222476016441
New Zealand,NZL,"Access to electricity, rural (% of rural population)",EG.ELC.ACCS.RU.ZS,100,100,100,100,100,100,100,100,100,100,100,100,100,100,100
New Zealand,NZL,Carbon dioxide (CO2) emissions (total) excluding LULUCF (Mt CO2e),EN.GHG.CO2.MT.CE.AR5,36.1884,33.4165,33.4445,32.7107,34.7866,34.5807,35.2908,35.3887,34.7426,36.2664,35.6335,37.2453,34.6699,34.7093,32.1246
New Zealand,NZL,"Life expectancy at birth, total (years)",SP.DYN.LE00.IN,80.3512195121951,80.7024390243902,80.9048780487805,81.1560975609756,81.4073170731707,81.4048780487805,81.4568292682927,81.6124390243903,81.6585365853659,81.8585365853659,81.7073170731707,82.0560975609756,82.2560975609756,82.2073170731707,81.9585365853658
New Zealand,NZL,GDP growth (annual %),NY.GDP.MKTP.KD.ZG,-1.01703846933975,-0.0374661120713,1.45863634911349,2.09349621669912,2.36630664656174,2.58954199031598,3.82638491760299,3.69036908387233,3.77911068354334,3.37873219470765,3.47058203866328,2.31747144034802,-0.307246896026541,4.53540565716095,3.49638686458842
New Zealand,NZL,People using at least basic drinking water services (% of population),SH.H2O.BASW.ZS,100,99.9999975383469,100,99.9999988858894,99.9999978085497,100,100,100,99.9999978251524,99.9999952214353,99.9999959549403,99.9999954101942,100,99.9999956407702,100
New Zealand,NZL,Methane (CH4) emissions (total) excluding LULUCF (% change from 1990),EN.GHG.CH4.ZG.AR5,4.7579815180484,5.81876234133534,6.12724507629681,6.45004443556032,7.62914000307944,5.09806887646915,6.23097307124005,3.55106307688566,3.66262469644705,2.52431800193951,1.65559604428971,0.47163822700762,-0.991898951644921,-1.41302380611509,-2.96570223042203
New Zealand,NZL,"Population, total",SP.POP.TOTL,4259800,4302600,4350700,4384000,4408100,4442100,4516500,4609400,4714100,4813600,4900600,4970300,5072400,5084600,5081700
,,,,,,,,,,,,,,,,,,
,,,,,,,,,,,,,,,,,,
,,,,,,,,,,,,,,,,,,
Data from database: World Development Indicators,,,,,,,,,,,,,,,,,,
Last Updated: 02/24/2026,,,,,,,,,,,,,,,,,,
